model,accuracy,precision,recall,f1_score,specificity,true_positives,false_positives,true_negatives,false_negatives
all-MiniLM-L6-v2,0.9631650750341064,0.9397590361445783,0.78,0.8524590163934426,0.9921011058451816,78,5,628,22
all-distilroberta-v1,0.9604365620736699,0.961038961038961,0.74,0.8361581920903954,0.995260663507109,74,3,630,26
all-MiniLM-L12-v2,0.9645293315143247,0.9302325581395349,0.8,0.8602150537634409,0.990521327014218,80,6,627,20
paraphrase-albert-small-v2,0.9508867667121419,0.9210526315789473,0.7,0.7954545454545454,0.990521327014218,70,6,627,30
all-roberta-large-v1,0.9877216916780355,1.0,0.91,0.9528795811518325,1.0,91,0,633,9
all-mpnet-base-v2,0.9795361527967258,1.0,0.85,0.918918918918919,1.0,85,0,633,15
multi-qa-mpnet-base-dot-v1,0.888130968622101,0.5661764705882353,0.77,0.652542372881356,0.9067930489731437,77,59,574,23
paraphrase-multilingual-mpnet-base-v2,0.1364256480218281,0.1364256480218281,1.0,0.24009603841536614,0.0,100,633,0,0
all-MiniLM-L6-v1,0.9399727148703957,0.8783783783783784,0.65,0.7471264367816092,0.985781990521327,65,9,624,35
