metric,value
recall,0.949748743718593
false_negative_rate,0.05025125628140704
threshold,0.0019063131185248494
mean_error,0.0010720405261963606
std_error,0.0005010611494071782
